insert into Person values('admin','$2b$12$e4xvpBE4RlBBhBcJTtdt/OQEuHrcZIMlIHUGnmw0cnj/4XA7jDcdy','admin','last','Male','2023-05-05','addr','2023-05-05','2008-10-6 14:34:13')
insert into Person values('employee','$2b$12$e4xvpBE4RlBBhBcJTtdt/OQEuHrcZIMlIHUGnmw0cnj/4XA7jDcdy','employee','last','Male','2023-05-05','addr','2023-05-05','2008-10-6 14:34:13')
insert into Person values('driver','$2b$12$e4xvpBE4RlBBhBcJTtdt/OQEuHrcZIMlIHUGnmw0cnj/4XA7jDcdy','driver','last','Male','2023-05-05','addr','2023-05-05','2008-10-6 14:34:13')
insert into Person values('passg','$2b$12$e4xvpBE4RlBBhBcJTtdt/OQEuHrcZIMlIHUGnmw0cnj/4XA7jDcdy','passg','last','Male','2023-05-05','addr','2023-05-05','2008-10-6 14:34:13')
insert into Person values('1','$2b$12$e4xvpBE4RlBBhBcJTtdt/OQEuHrcZIMlIHUGnmw0cnj/4XA7jDcdy','1','last','Male','2023-05-05','addr','2023-05-05','2008-10-6 14:34:13')

insert into Admin values('admin',1,'2008-10-6 14:34:13')
insert into Employee values('employee','admin',1,'Design','2008-10-6 14:34:13')
insert into Driver values('driver','admin','employee','Test',0,0,1,'2008-10-6 14:34:13',NULL)
insert into Passenger values('passg',0,0,0,NULL,'2008-10-6 14:34:13')
insert into Passenger values('1',0,0,0,NULL,'2008-10-6 14:34:13')


insert into Location (Location_ID,Admin_ID,Type,Cord_X,Cord_Y,last_update)  values ('BaseBall Arena','admin','Park',659,473,'2023-09-27 14:42:08.943')
insert into Location (Location_ID,Admin_ID,Type,Cord_X,Cord_Y,last_update)  values ('BasketBall Arena','admin','Park',677,372,'2023-09-27 14:42:08.937')
insert into Location (Location_ID,Admin_ID,Type,Cord_X,Cord_Y,last_update)  values ('Canvas Field','admin','Park',853,508,'2023-09-27 14:42:08.943')
insert into Location (Location_ID,Admin_ID,Type,Cord_X,Cord_Y,last_update)  values ('Club Quarters','admin','Dining',1000,316,'2023-09-27 14:48:05.857')
insert into Location (Location_ID,Admin_ID,Type,Cord_X,Cord_Y,last_update)  values ('Cura Hospitality','admin','Hospital',1180,362,'2023-09-27 14:51:41.913')
insert into Location (Location_ID,Admin_ID,Type,Cord_X,Cord_Y,last_update)  values ('Delegata','admin','Office',1006,433,'2023-09-27 14:54:17.630')
insert into Location (Location_ID,Admin_ID,Type,Cord_X,Cord_Y,last_update)  values ('Drawbridge','admin','Office',800,620,'2023-09-27 14:42:08.943')
insert into Location (Location_ID,Admin_ID,Type,Cord_X,Cord_Y,last_update)  values ('Enchanted Garden','admin','Hotel',805,334,'2023-09-27 14:42:08.940')
insert into Location (Location_ID,Admin_ID,Type,Cord_X,Cord_Y,last_update)  values ('FootBall Arena','admin','Park',337,439,'2023-09-27 15:28:52.353')
insert into Location (Location_ID,Admin_ID,Type,Cord_X,Cord_Y,last_update)  values ('Junction_1','admin','Junction',777,320,'2023-09-27 14:42:08.937')
insert into Location (Location_ID,Admin_ID,Type,Cord_X,Cord_Y,last_update)  values ('Junction_10','admin','Junction',689,682,'2023-09-27 14:42:08.943')
insert into Location (Location_ID,Admin_ID,Type,Cord_X,Cord_Y,last_update)  values ('Junction_11','admin','Junction',939,553,'2023-09-27 14:42:08.943')
insert into Location (Location_ID,Admin_ID,Type,Cord_X,Cord_Y,last_update)  values ('Junction_12','admin','Junction',722,440,'2023-09-27 14:42:08.943')
insert into Location (Location_ID,Admin_ID,Type,Cord_X,Cord_Y,last_update)  values ('Junction_13','admin','Junction',528,536,'2023-09-27 15:27:36.697')
insert into Location (Location_ID,Admin_ID,Type,Cord_X,Cord_Y,last_update)  values ('Junction_14','admin','Junction',463,572,'2023-09-27 15:29:59.690')
insert into Location (Location_ID,Admin_ID,Type,Cord_X,Cord_Y,last_update)  values ('Junction_2','admin','Junction',871,367,'2023-09-27 14:42:08.940')
insert into Location (Location_ID,Admin_ID,Type,Cord_X,Cord_Y,last_update)  values ('Junction_3','admin','Junction',1047,297,'2023-09-27 14:49:01.580')
insert into Location (Location_ID,Admin_ID,Type,Cord_X,Cord_Y,last_update)  values ('Junction_4','admin','Junction',1237,391,'2023-09-27 14:51:56.740')
insert into Location (Location_ID,Admin_ID,Type,Cord_X,Cord_Y,last_update)  values ('Junction_5','admin','Junction',1090,476,'2023-09-27 14:52:09.810')
insert into Location (Location_ID,Admin_ID,Type,Cord_X,Cord_Y,last_update)  values ('Junction_6','admin','Junction',1397,475,'2023-09-27 14:52:59.357')
insert into Location (Location_ID,Admin_ID,Type,Cord_X,Cord_Y,last_update)  values ('Junction_7','admin','Junction',1243,552,'2023-09-27 14:53:24.107')
insert into Location (Location_ID,Admin_ID,Type,Cord_X,Cord_Y,last_update)  values ('Junction_8','admin','Junction',1084,631,'2023-09-27 14:58:53.390')
insert into Location (Location_ID,Admin_ID,Type,Cord_X,Cord_Y,last_update)  values ('Junction_9','admin','Junction',835,755,'2023-09-27 14:42:08.940')
insert into Location (Location_ID,Admin_ID,Type,Cord_X,Cord_Y,last_update)  values ('Officearc','admin','Theatre',1319,515,'2023-09-27 14:53:43.977')
insert into Location (Location_ID,Admin_ID,Type,Cord_X,Cord_Y,last_update)  values ('Officioty','admin','Office',574,514,'2023-09-27 14:42:08.947')
insert into Location (Location_ID,Admin_ID,Type,Cord_X,Cord_Y,last_update)  values ('OpenHouse','admin','Theatre',387,606,'2023-09-27 15:30:07.963')
insert into Location (Location_ID,Admin_ID,Type,Cord_X,Cord_Y,last_update)  values ('Parking','admin','Parking',651,255,'2023-09-27 14:42:08.937')
insert into Location (Location_ID,Admin_ID,Type,Cord_X,Cord_Y,last_update)  values ('PeopleScout Park','admin','Park',460,500,'2023-09-27 15:28:04.043')
insert into Location (Location_ID,Admin_ID,Type,Cord_X,Cord_Y,last_update)  values ('Quarterbacks','admin','Office',760,795,'2023-09-27 14:42:08.943')
insert into Location (Location_ID,Admin_ID,Type,Cord_X,Cord_Y,last_update)  values ('Simple Meals','admin','Dining',1102,271,'2023-09-27 14:48:44.160')
insert into Location (Location_ID,Admin_ID,Type,Cord_X,Cord_Y,last_update)  values ('Sparkline','admin','Office',522,601,'2023-09-27 15:31:25.973')
insert into Location (Location_ID,Admin_ID,Type,Cord_X,Cord_Y,last_update)  values ('Spinfluence','admin','Office',1010,520,'2023-09-27 14:59:01.743')
insert into Location (Location_ID,Admin_ID,Type,Cord_X,Cord_Y,last_update)  values ('Stack Office','admin','Office',758,717,'2023-09-27 14:42:08.943')
insert into Location (Location_ID,Admin_ID,Type,Cord_X,Cord_Y,last_update)  values ('Technologent','admin','Office',769,418,'2023-09-27 14:42:08.943')
insert into Location (Location_ID,Admin_ID,Type,Cord_X,Cord_Y,last_update)  values ('The Sprice Route','admin','Dining',1280,412,'2023-09-27 14:52:41.103')
insert into Location (Location_ID,Admin_ID,Type,Cord_X,Cord_Y,last_update)  values ('TrustEdge Store','admin','Market',988,681,'2023-09-27 14:42:08.940')
insert into Location (Location_ID,Admin_ID,Type,Cord_X,Cord_Y,last_update)  values ('World Trade Park','admin','Market',957,251,'2023-09-27 14:42:08.940')


insert into adjacency (Location_ID,Adjacent_ID,Congestion,last_update) values  ('Parking','Junction_1',5,'2020-1-24 12:40:48')
insert into adjacency (Location_ID,Adjacent_ID,Congestion,last_update) values  ('Junction_1','BasketBall Arena',4,'2018-11-18 20:12:12')
insert into adjacency (Location_ID,Adjacent_ID,Congestion,last_update) values  ('Junction_1','Enchanted Garden',1,'2005-7-5 15:22:24')
insert into adjacency (Location_ID,Adjacent_ID,Congestion,last_update) values  ('Junction_1','Parking',5,'2020-12-9 19:3:11')
insert into adjacency (Location_ID,Adjacent_ID,Congestion,last_update) values  ('BasketBall Arena','Junction_1',4,'2015-5-12 2:5:45')
insert into adjacency (Location_ID,Adjacent_ID,Congestion,last_update) values  ('Enchanted Garden','Junction_2',3,'2018-4-15 8:18:21')
insert into adjacency (Location_ID,Adjacent_ID,Congestion,last_update) values  ('Enchanted Garden','Junction_1',1,'2007-6-12 11:37:49')
insert into adjacency (Location_ID,Adjacent_ID,Congestion,last_update) values  ('Junction_2','Technologent',3,'2015-11-5 11:59:33')
insert into adjacency (Location_ID,Adjacent_ID,Congestion,last_update) values  ('Junction_2','Delegata',5,'2020-3-26 1:46:16')
insert into adjacency (Location_ID,Adjacent_ID,Congestion,last_update) values  ('Junction_2','Club Quarters',4,'2014-3-16 15:38:30')
insert into adjacency (Location_ID,Adjacent_ID,Congestion,last_update) values  ('Junction_2','Enchanted Garden',3,'2005-12-6 12:41:8')
insert into adjacency (Location_ID,Adjacent_ID,Congestion,last_update) values  ('Delegata','Junction_5',3,'2015-2-19 12:50:56')
insert into adjacency (Location_ID,Adjacent_ID,Congestion,last_update) values  ('Delegata','Junction_2',5,'2002-4-28 19:59:9')
insert into adjacency (Location_ID,Adjacent_ID,Congestion,last_update) values  ('Club Quarters','Junction_2',4,'2002-1-24 7:30:27')
insert into adjacency (Location_ID,Adjacent_ID,Congestion,last_update) values  ('Club Quarters','Junction_3',1,'2012-12-14 19:36:30')
insert into adjacency (Location_ID,Adjacent_ID,Congestion,last_update) values  ('Junction_3','Club Quarters',1,'2019-1-10 17:33:43')
insert into adjacency (Location_ID,Adjacent_ID,Congestion,last_update) values  ('Junction_3','Cura Hospitality',6,'2010-12-18 11:13:33')
insert into adjacency (Location_ID,Adjacent_ID,Congestion,last_update) values  ('Junction_3','Simple Meals',2,'2008-2-25 8:41:47')
insert into adjacency (Location_ID,Adjacent_ID,Congestion,last_update) values  ('Junction_3','World Trade Park',3,'2010-6-23 17:56:18')
insert into adjacency (Location_ID,Adjacent_ID,Congestion,last_update) values  ('Simple Meals','Junction_3',2,'2004-7-9 20:54:34')
insert into adjacency (Location_ID,Adjacent_ID,Congestion,last_update) values  ('World Trade Park','Junction_3',3,'2018-2-9 9:56:57')
insert into adjacency (Location_ID,Adjacent_ID,Congestion,last_update) values  ('Cura Hospitality','Junction_4',3,'2002-10-2 2:27:24')
insert into adjacency (Location_ID,Adjacent_ID,Congestion,last_update) values  ('Cura Hospitality','Junction_3',6,'2009-11-28 21:9:13')
insert into adjacency (Location_ID,Adjacent_ID,Congestion,last_update) values  ('Junction_4','Junction_5',6,'2001-5-15 7:24:49')
insert into adjacency (Location_ID,Adjacent_ID,Congestion,last_update) values  ('Junction_4','The Sprice Route',2,'2011-2-21 21:9:27')
insert into adjacency (Location_ID,Adjacent_ID,Congestion,last_update) values  ('Junction_4','Cura Hospitality',3,'2010-12-14 7:26:57')
insert into adjacency (Location_ID,Adjacent_ID,Congestion,last_update) values  ('The Sprice Route','Junction_6',5,'2008-6-18 2:7:17')
insert into adjacency (Location_ID,Adjacent_ID,Congestion,last_update) values  ('The Sprice Route','Junction_4',2,'2008-4-22 9:54:0')
insert into adjacency (Location_ID,Adjacent_ID,Congestion,last_update) values  ('Junction_6','Officearc',3,'2003-4-3 13:35:20')
insert into adjacency (Location_ID,Adjacent_ID,Congestion,last_update) values  ('Junction_6','The Sprice Route',5,'2011-12-3 5:47:0')
insert into adjacency (Location_ID,Adjacent_ID,Congestion,last_update) values  ('Officearc','Junction_7',4,'2011-10-2 13:37:40')
insert into adjacency (Location_ID,Adjacent_ID,Congestion,last_update) values  ('Officearc','Junction_6',3,'2008-2-1 23:29:14')
insert into adjacency (Location_ID,Adjacent_ID,Congestion,last_update) values  ('Junction_7','Junction_8',8,'2011-12-29 13:40:5')
insert into adjacency (Location_ID,Adjacent_ID,Congestion,last_update) values  ('Junction_7','Officearc',4,'2006-12-3 19:56:28')
insert into adjacency (Location_ID,Adjacent_ID,Congestion,last_update) values  ('Junction_7','Junction_5',6,'2012-7-18 2:44:54')
insert into adjacency (Location_ID,Adjacent_ID,Congestion,last_update) values  ('Junction_8','TrustEdge Store',3,'2018-6-10 8:22:50')
insert into adjacency (Location_ID,Adjacent_ID,Congestion,last_update) values  ('Junction_8','Junction_7',8,'2009-4-24 16:8:18')
insert into adjacency (Location_ID,Adjacent_ID,Congestion,last_update) values  ('Junction_8','Junction_11',7,'2012-12-11 5:3:5')
insert into adjacency (Location_ID,Adjacent_ID,Congestion,last_update) values  ('TrustEdge Store','Junction_9',7,'2016-8-29 6:27:19')
insert into adjacency (Location_ID,Adjacent_ID,Congestion,last_update) values  ('TrustEdge Store','Junction_8',3,'2020-7-27 10:17:9')
insert into adjacency (Location_ID,Adjacent_ID,Congestion,last_update) values  ('Junction_9','Quarterbacks',2,'2022-5-22 13:4:46')
insert into adjacency (Location_ID,Adjacent_ID,Congestion,last_update) values  ('Junction_9','TrustEdge Store',7,'2008-3-27 15:24:23')
insert into adjacency (Location_ID,Adjacent_ID,Congestion,last_update) values  ('Junction_9','Stack Office',3,'2004-2-12 2:48:16')
insert into adjacency (Location_ID,Adjacent_ID,Congestion,last_update) values  ('Quarterbacks','Junction_9',2,'2013-9-27 9:39:2')
insert into adjacency (Location_ID,Adjacent_ID,Congestion,last_update) values  ('Stack Office','Junction_9',3,'2006-3-30 5:43:36')
insert into adjacency (Location_ID,Adjacent_ID,Congestion,last_update) values  ('Stack Office','Junction_10',3,'2008-1-2 13:53:3')
insert into adjacency (Location_ID,Adjacent_ID,Congestion,last_update) values  ('Junction_10','Stack Office',3,'2016-2-4 1:34:45')
insert into adjacency (Location_ID,Adjacent_ID,Congestion,last_update) values  ('Junction_10','Drawbridge',5,'2019-9-29 6:59:28')
insert into adjacency (Location_ID,Adjacent_ID,Congestion,last_update) values  ('Junction_10','Sparkline',10,'2021-5-29 23:48:5')
insert into adjacency (Location_ID,Adjacent_ID,Congestion,last_update) values  ('Junction_5','Spinfluence',3,'2022-7-18 22:37:45')
insert into adjacency (Location_ID,Adjacent_ID,Congestion,last_update) values  ('Junction_5','Junction_7',6,'2007-8-28 3:34:57')
insert into adjacency (Location_ID,Adjacent_ID,Congestion,last_update) values  ('Junction_5','Junction_4',6,'2010-10-20 17:55:59')
insert into adjacency (Location_ID,Adjacent_ID,Congestion,last_update) values  ('Junction_5','Delegata',3,'2018-3-26 18:0:47')
insert into adjacency (Location_ID,Adjacent_ID,Congestion,last_update) values  ('Drawbridge','Junction_10',5,'2019-5-6 8:11:26')
insert into adjacency (Location_ID,Adjacent_ID,Congestion,last_update) values  ('Drawbridge','Junction_11',7,'2013-1-16 9:18:58')
insert into adjacency (Location_ID,Adjacent_ID,Congestion,last_update) values  ('Spinfluence','Junction_11',4,'2011-2-13 3:15:55')
insert into adjacency (Location_ID,Adjacent_ID,Congestion,last_update) values  ('Spinfluence','Junction_5',3,'2006-11-15 14:9:49')
insert into adjacency (Location_ID,Adjacent_ID,Congestion,last_update) values  ('Junction_11','Drawbridge',7,'2006-7-29 21:24:47')
insert into adjacency (Location_ID,Adjacent_ID,Congestion,last_update) values  ('Junction_11','Junction_8',7,'2008-2-18 19:39:56')
insert into adjacency (Location_ID,Adjacent_ID,Congestion,last_update) values  ('Junction_11','Spinfluence',4,'2022-8-6 11:31:37')
insert into adjacency (Location_ID,Adjacent_ID,Congestion,last_update) values  ('Junction_11','Canvas Field',3,'2020-9-6 8:50:13')
insert into adjacency (Location_ID,Adjacent_ID,Congestion,last_update) values  ('Canvas Field','Junction_12',6,'2009-9-21 13:22:7')
insert into adjacency (Location_ID,Adjacent_ID,Congestion,last_update) values  ('Junction_12','BaseBall Arena',2,'2003-3-31 16:46:5')
insert into adjacency (Location_ID,Adjacent_ID,Congestion,last_update) values  ('Junction_12','Canvas Field',6,'2022-10-22 15:33:43')
insert into adjacency (Location_ID,Adjacent_ID,Congestion,last_update) values  ('Junction_12','Technologent',2,'2010-12-5 17:34:46')
insert into adjacency (Location_ID,Adjacent_ID,Congestion,last_update) values  ('Technologent','Junction_12',2,'2010-4-14 22:38:0')
insert into adjacency (Location_ID,Adjacent_ID,Congestion,last_update) values  ('Technologent','Junction_2',3,'2002-7-31 22:3:55')
insert into adjacency (Location_ID,Adjacent_ID,Congestion,last_update) values  ('BaseBall Arena','Officioty',3,'2003-11-7 1:21:46')
insert into adjacency (Location_ID,Adjacent_ID,Congestion,last_update) values  ('BaseBall Arena','Junction_12',2,'2001-11-1 0:2:43')
insert into adjacency (Location_ID,Adjacent_ID,Congestion,last_update) values  ('Officioty','Junction_13',2,'2006-4-10 5:31:44')
insert into adjacency (Location_ID,Adjacent_ID,Congestion,last_update) values  ('Officioty','BaseBall Arena',3,'2022-5-2 6:56:12')
insert into adjacency (Location_ID,Adjacent_ID,Congestion,last_update) values  ('Junction_13','Junction_14',3,'2002-3-3 2:43:14')
insert into adjacency (Location_ID,Adjacent_ID,Congestion,last_update) values  ('Junction_13','Officioty',2,'2003-1-20 16:4:24')
insert into adjacency (Location_ID,Adjacent_ID,Congestion,last_update) values  ('Junction_13','PeopleScout Park',3,'2020-11-19 14:25:39')
insert into adjacency (Location_ID,Adjacent_ID,Congestion,last_update) values  ('Sparkline','Junction_10',12,'2022-5-9 20:31:32')
insert into adjacency (Location_ID,Adjacent_ID,Congestion,last_update) values  ('Sparkline','Junction_14',2,'2013-12-28 13:2:47')
insert into adjacency (Location_ID,Adjacent_ID,Congestion,last_update) values  ('FootBall Arena','PeopleScout Park',5,'2021-6-8 0:21:39')
insert into adjacency (Location_ID,Adjacent_ID,Congestion,last_update) values  ('PeopleScout Park','Junction_13',3,'2008-12-31 8:58:4')
insert into adjacency (Location_ID,Adjacent_ID,Congestion,last_update) values  ('PeopleScout Park','FootBall Arena',5,'2015-7-10 11:16:42')
insert into adjacency (Location_ID,Adjacent_ID,Congestion,last_update) values  ('Junction_14','OpenHouse',3,'2003-4-29 8:37:25')
insert into adjacency (Location_ID,Adjacent_ID,Congestion,last_update) values  ('Junction_14','Sparkline',2,'2016-6-14 13:12:11')
insert into adjacency (Location_ID,Adjacent_ID,Congestion,last_update) values  ('Junction_14','Junction_13',3,'2018-2-12 3:11:31')
insert into adjacency (Location_ID,Adjacent_ID,Congestion,last_update) values  ('OpenHouse','Junction_14',3,'2016-2-7 9:56:3')

insert into Person values('driver_','$2b$12$e4xvpBE4RlBBhBcJTtdt/OQEuHrcZIMlIHUGnmw0cnj/4XA7jDcdy','driver','last','Male','2023-05-05','addr','2023-05-05','2008-10-6 14:34:13')

insert into Cab values('52OX54_','admin','Parking','Test','Toyota','Innova',2013,'2008-10-6 14:34:13')
insert into Cab values('52OX54','admin','Parking','Test','Toyota','Innova',2013,'2008-10-6 14:34:13')

insert into Driver values('driver_','admin','employee','Test',0,0,1,'2008-10-6 14:34:13',NULL)

insert into drives (Driver_ID,Vehicle_number) values('driver','52OX54')
insert into drives (Driver_ID,Vehicle_number) values('driver_','52OX54_')